Institution Name	Institution Code	City	State
AU-UGA Medical Partnership-GA	1744	Athens	Georgia
AU-UGA Medical Partnership-GA	1744	Athens	Georgia
Abbott Northwestern Hosp-MN	1330	Minneapolis	Minnesota
Abington Mem Hosp-PA	1600	Abington	Pennsylvania
Abrazo Health Network-AZ	2002	Glendale	Arizona
Adena Health System-OH	2127	Chillicothe	Ohio
AdventHealth Florida	1102	Orlando	Florida
AdventHealth Florida	1102	Sebring	Florida
AdventHealth Florida	1102	Tampa	Florida
AdventHealth Florida	1102	Orlando	Florida
AdventHealth Redmond-GA	1867	Rome	Georgia
Adventist Health Hanford-CA	2029	Tulare	California
Adventist Health White Memorial-CA	1040	Los Angeles	California
Adventist Health White Memorial-CA	1040	Los Angeles	California
Advocate Health Care-IL	2117	Oak Lawn	Illinois
Advocate Health Care-IL	2117	Chicago	Illinois
Advocate Health Care-IL	2117	Park Ridge	Illinois
Advocate Health Care-IL	2117	Oak Lawn	Illinois
Advocate Health Care-IL	2117	Chicago	Illinois
Advocate Health Care-IL	2117	Park Ridge	Illinois
Aiken Regional Med Ctrs-SC	2321	Aiken	South Carolina
Akron Gen Med Ctr/NEOMED-OH	1542	Akron	Ohio
Akron Gen Med Ctr/NEOMED-OH	1542	Akron	Ohio
Alameda Health Sys-Highland Hosp-CA	1041	Oakland	California
Alameda Health Sys-Highland Hosp-CA	1041	Oakland	California
Alameda Health Sys-Highland Hosp-CA	1041	Oakland	California
Albany Med Ctr-NY	1414	Albany	New York
Albany Med Ctr-NY	1414	Albany	New York
Albany Med Ctr-NY	1414	Albany	New York
Allegheny Gen Hosp-PA	1648	Pittsburgh	Pennsylvania
Allegheny Gen Hosp-PA	1648	Pittsburgh	Pennsylvania
Allegheny Gen Hosp-PA	1648	Pittsburgh	Pennsylvania
Anne Arundel Med Ctr-MD	1942	Annapolis	Maryland
Appalachian Regional Healthcare-KY	2227	Whitesburg	Kentucky
Archbold Medical Center	2324	Thomasville	Georgia
Arkansas Coll Osteo Med	2295	Fort Smith	Arkansas
Arnot Ogden Med Ctr-NY	2113	Elmira	New York
Arrowhead Reg Med Ctr-CA	1047	Colton	California
Ascension Genesys Hospital-MI	1308	Grand Blanc	Michigan
Ascension Macomb-Oakland Hosp-MI	1930	Warren	Michigan
Ascension Providence/MSUCHM-MI	1303	Southfield	Michigan
Ascension St Francis-IL	1168	Evanston	Illinois
Ascension St Francis-IL	1168	Evanston	Illinois
Ascension St John Hosp-MI	1915	Detroit	Michigan
Ascension St John Hosp-MI	1915	Detroit	Michigan
Ascension St Joseph-IL	1405	Chicago	Illinois
Ascension St Joseph-IL	1405	Chicago	Illinois
Ascension St Vincent Hosp-IN	1189	Indianapolis	Indiana
AtlantiCare Reg Med Ctr-NJ	1378	Atlantic City	New Jersey
Atrium Health Navicent Med Ctr-GA	1120	Macon	Georgia
Atrium Health Navicent Med Ctr-GA	1120	Macon	Georgia
Augusta Health-VA	2388	Fisherville	Virginia
Aurora Health Care/ASMC-WI	1787	Milwaukee	Wisconsin
Aurora Health Care/ASMC-WI	1787	Milwaukee	Wisconsin
Authority Health GME-MI	1920	Detroit	Michigan
B I Deaconess Med Ctr-MA	1256	Boston	Massachusetts
B I Deaconess Med Ctr-MA	1256	Boston	Massachusetts
B I Deaconess Med Ctr-MA	1256	Boston	Massachusetts
Baptist Health-AR	2198	North Little Rock	Arkansas
Baptist Hosps of Southeast Texas	2312	Beaumont	Texas
Baptist Mem Hosp Golden Triangle-MS	2266	Columbus	Mississippi
Baptist Mem Hosp North-MS	2288	Oxford	Mississippi
Baptist Mem Med Education-AR	2269	Jonesboro	Arkansas
Barnes-Jewish Hosp-MO	1353	St Louis	Missouri
Barnes-Jewish Hosp-MO	1353	St. Louis	Missouri
Barnes-Jewish Hosp-MO	1353	St Louis	Missouri
Barnes-Jewish Hosp-MO	1353	St Louis	Missouri
Barnes-Jewish Hosp-MO	1353	St Louis	Missouri
Bassett Med Ctr-NY	1442	Cooperstown	New York
Bassett Med Ctr-NY	1442	Cooperstown	New York
Baton Rouge Gen Med Ctr-LA	1139	Baton Rouge	Louisiana
BayCare Health System-FL	2300	Tampa	Florida
Bayhealth Med Ctr-DE	2260	Dover	Delaware
Baylor Coll Med-Houston-TX	1716	Houston	Texas
Baylor Coll Med-Houston-TX	1716	Houston	Texas
Baylor Coll Med-Houston-TX	1716	Houston	Texas
Baylor Coll Med-Houston-TX	1716	Houston	Texas
Baylor Coll Med-Houston-TX	1716	Houston	Texas
Baylor Coll Med-Houston-TX	1716	Houston	Texas
Baylor Coll Med-Houston-TX	1716	Houston	Texas
Baylor Coll Med-Houston-TX	1716	Houston	Texas
Baylor Coll Med-Houston-TX	1716	Houston	Texas
Baylor S&W All Saints Med Ctr-TX	2259	Fort Worth	Texas
Baylor S&W Med Ctr-Round Rock-TX	2318	Round Rock	Texas
Baylor S&W-Baylor COM Temple-TX	1725	Temple	Texas
Baylor S&W-Baylor COM Temple-TX	1725	Temple	Texas
Baylor S&W-Baylor COM Temple-TX	1725	Temple	Texas
Baylor S&W-Baylor COM Temple-TX	1725	Temple	Texas
Baylor S&W-Baylor COM Temple-TX	1725	Temple	Texas
Baylor Univ Med Ctr-Dallas-TX	1706	Dallas	Texas
Baylor Univ Med Ctr-Dallas-TX	1706	Dallas	Texas
Berkshire Med Ctr-MA	1281	Pittsfield	Massachusetts
Berkshire Med Ctr-MA	1281	Pittsfield	Massachusetts
Billings Clinic-MT	1633	Billings	Montana
Billings Clinic-MT	1633	Billings	Montana
Boston Univ Med Ctr-MA	1257	Boston	Massachusetts
Boston Univ Med Ctr-MA	1257	Boston	Massachusetts
Boston Univ Med Ctr-MA	1257	Boston	Massachusetts
Boston Univ Med Ctr-MA	1257	Boston	Massachusetts
Bridgeport Hospital-CT	1079	Bridgeport	Connecticut
Bridgeport Hospital-CT	1079	Bridgeport	Connecticut
Bridgeport Hospital-CT	1079	Bridgeport	Connecticut
Brooklyn Hosp Ctr-NY	1420	Brooklyn	New York
Brookwood Baptist Health-AL	1903	Birmingham	Alabama
Brookwood Baptist Health-AL	1903	Birmingham	Alabama
Broward Health Med Ctr-FL	1892	Deerfield Beach	Florida
Broward Health Med Ctr-FL	1892	Fort Lauderdale	Florida
Brown Univ/Kent Hospital	2270	Warwick	Rhode Island
Brown Univ/Rhode Island Hosp	1677	Providence	Rhode Island
Brown Univ/Rhode Island Hosp	1677	Providence	Rhode Island
Brown Univ/Rhode Island Hosp	1677	Providence	Rhode Island
Brown Univ/Rhode Island Hosp	1677	Providence	Rhode Island
Brown Univ/Rhode Island Hosp	1677	Providence	Rhode Island
Brown Univ/Rhode Island Hosp	1677	Providence	Rhode Island
CA Pacific Med Center	1061	San Francisco	California
CA Pacific Med Center	1061	San Francisco	California
CA Pacific Med Center	1061	San Francisco	California
CA Pacific Med Center	1061	San Francisco	California
CA Pacific Med Center	1061	San Francisco	California
CHI St Vincent Hot Springs-AR	2277	Hot Springs	Arkansas
CHRISTUS Health-TX	2116	Longview	Texas
CMSRU/Cooper University Hospital-NJ	1380	Camden	New Jersey
CMSRU/Cooper University Hospital-NJ	1380	Camden	New Jersey
CMSRU/Cooper University Hospital-NJ	1380	Camden	New Jersey
CMSRU/Cooper University Hospital-NJ	1380	Camden	New Jersey
Cambridge Health Alliance-MA	1268	Cambridge	Massachusetts
Campbell University-NC	2128	Fayetteville	North Carolina
Campbell University-NC	2128	Dunn	North Carolina
Campbell University-NC	2128	Lumberton	North Carolina
Canton Med Ed Fdn/NEOMED-OH	2009	Canton	Ohio
Capital Health Reg Med Ctr-NJ	2003	Trenton	New Jersey
CarePoint Health-NJ	1451	Bayonne	New Jersey
Carilion Clinic-Virginia Tech Carilion SOM	1748	Roanoke	Virginia
Carilion Clinic-Virginia Tech Carilion SOM	1748	Roanoke	Virginia
Carle Foundation Hosp-IL	1226	Urbana	Illinois
Carle Foundation Hosp-IL	1226	Urbana	Illinois
Carle Foundation Hosp-IL	1226	Urbana	Illinois
Carle Foundation Hosp-IL	1226	Urbana	Illinois
Carolinas Med Ctr-NC	1527	Charlotte	North Carolina
Carolinas Med Ctr-NC	1527	Charlotte	North Carolina
Carolinas Med Ctr-NC	1527	Charlotte	North Carolina
Case Western/Univ Hosps Cleveland Med Ctr-OH	1552	Cleveland	Ohio
Case Western/Univ Hosps Cleveland Med Ctr-OH	1552	Cleveland	Ohio
Case Western/Univ Hosps Cleveland Med Ctr-OH	1552	Cleveland	Ohio
Case Western/Univ Hosps Cleveland Med Ctr-OH	1552	Cleveland	Ohio
Case Western/Univ Hosps Cleveland Med Ctr-OH	1552	Cleveland	Ohio
Case Western/Univ Hosps Cleveland Med Ctr-OH	1552	Cleveland	Ohio
Case Western/Univ Hosps Cleveland Med Ctr-OH	1552	Cleveland	Ohio
Case Western/Univ Hosps Cleveland Med Ctr-OH	1552	Cleveland	Ohio
Case Western/Univ Hosps Cleveland Med Ctr-OH	1552	Cleveland	Ohio
Case Western/Univ Hosps Cleveland Med Ctr-OH	1552	Cleveland	Ohio
Case Western/Univ Hosps Cleveland Med Ctr-OH	1552	Cleveland	Ohio
Cayuga Med Ctr-NY	2207	Ithaca	New York
Cedars-Sinai Med Ctr-CA	1030	Los Angeles	California
Cedars-Sinai Med Ctr-CA	1030	Los Angeles	California
Cedars-Sinai Med Ctr-CA	1030	Los Angeles	California
Cedars-Sinai Med Ctr-CA	1030	Los Angeles	California
Cedars-Sinai Med Ctr-CA	1030	Los Angeles	California
Central Iowa Health System	1201	Des Moines	Iowa
Central Iowa Health System	1201	Des Moines	Iowa
Central Michigan University COM	1320	Saginaw	Michigan
Charles R Drew University-CA	2114	Los Angeles	California
Charleston Area Med Ctr-WV	1902	Charleston	West Virginia
Charleston Area Med Ctr-WV	1902	Charleston	West Virginia
Charleston Area Med Ctr-WV	1902	Charleston	West Virginia
Christ Hospital-OH	1547	Cincinnati	Ohio
Christ Hospital-OH	1547	Cincinnati	Ohio
Christiana Care-DE	1099	Newark	Delaware
Christiana Care-DE	1099	Newark	Delaware
Cleveland Clinic Fdn-OH	1968	Cleveland	Ohio
Cleveland Clinic Fdn-OH	1968	Cleveland	Ohio
Cleveland Clinic Fdn-OH	1968	Warrensville Heights	Ohio
Cleveland Clinic Fdn-OH	1968	Cleveland	Ohio
Cleveland Clinic Fdn-OH	1968	Cleveland	Ohio
Cleveland Clinic Fdn-OH	1968	Cleveland	Ohio
Cleveland Clinic Fdn-OH	1968	Cleveland	Ohio
Cleveland Clinic Fdn-OH	1968	Cleveland	Ohio
Cleveland Clinic Florida	1383	Weston	Florida
Cleveland Clinic Florida	1383	Weston	Florida
Cleveland Clinic Florida	1383	Weston	Florida
College Med Ctr-CA	2133	Long Beach	California
Community Mem Health Sys-CA	2018	Ventura	California
Cone Health-NC	1943	Greensboro	North Carolina
Cone Health-NC	1943	Greensboro	North Carolina
Conemaugh Memorial Med Ctr-PA	1616	Johnstown	Pennsylvania
Conemaugh Memorial Med Ctr-PA	1616	Johnstown	Pennsylvania
Conway Reg Health Sys-AR	2250	Conway	Arkansas
Cook County Health and Hosps Sys-IL	1127	Chicago	Illinois
Cook County Health and Hosps Sys-IL	1127	Chicago	Illinois
Corewell Health Lakeland-MI	1951	St Joseph	Michigan
Corewell Health-Grand Rapids/MSU-MI	2077	Grand Rapids	Michigan
Corewell Health-Grand Rapids/MSU-MI	2077	Grand Rapids	Michigan
Corewell Health-MI	1978	Farmington Hills	Michigan
Corewell Health-MI	1978	Dearborn	Michigan
Corewell Health-MI	1978	Royal Oak	Michigan
Corewell Health-MI	1978	Trenton	Michigan
Corewell Health-MI	1978	Dearborn	Michigan
Corewell Health-MI	1978	Royal Oak	Michigan
Creighton University-AZ	2154	Phoenix	Arizona
Creighton University-AZ	2154	Phoenix	Arizona
Creighton University-NE	1372	Omaha	Nebraska
Creighton University-NE	1372	Omaha	Nebraska
Creighton University-NE	1372	Omaha	Nebraska
Crozer-Chester Med Ctr-PA	3185	Upland	Pennsylvania
Damas Hospital-PR	2039	Ponce	Puerto Rico
Danbury Hospital-CT	1081	Danbury	Connecticut
Dartmouth-Hitchcock Med Ctr-NH	1377	Lebanon	New Hampshire
Dartmouth-Hitchcock Med Ctr-NH	1377	Lebanon	New Hampshire
Dartmouth-Hitchcock Med Ctr-NH	1377	Lebanon	New Hampshire
Detroit Med Ctr/WSU-MI	1295	Detroit	Michigan
Detroit Med Ctr/WSU-MI	1295	Detroit	Michigan
Detroit Med Ctr/WSU-MI	1295	Commerce Township	Michigan
Detroit Med Ctr/WSU-MI	1295	Detroit	Michigan
Dignity East Valley-AZ	2346	Chandler	Arizona
Dignity East Valley-AZ	2346	Chandler	Arizona
Dignity St Rose Dominican Hosps-NV	2337	Las Vegas	Nevada
Dignity St Rose Dominican Hosps-NV	2337	Henderson	Nevada
Doctors Hospital at Renaissance-TX	2353	Edinburg	Texas
Duke Univ Med Ctr-NC	1529	Durham	North Carolina
Duke Univ Med Ctr-NC	1529	Durham	North Carolina
Duke Univ Med Ctr-NC	1529	Durham	North Carolina
Duke Univ Med Ctr-NC	1529	Durham	North Carolina
Duke Univ Med Ctr-NC	1529	Durham	North Carolina
Duke Univ Med Ctr-NC	1529	Durham	North Carolina
ECU Health Med Ctr-NC	3057	Greenville	North Carolina
ECU Health Med Ctr-NC	3057	Greenville	North Carolina
ECU Health Med Ctr-NC	3057	Greenville	North Carolina
ECU Health Med Ctr-NC	3057	Greenville	North Carolina
EVMS Old Dominion University-VA	2980	Norfolk	Virginia
EVMS Old Dominion University-VA	2980	Norfolk	Virginia
EVMS Old Dominion University-VA	2980	Norfolk	Virginia
East Alabama Med Ctr	2265	Opelika	Alabama
East Liverpool City Hosp-OH	2199	East Liverpool	Ohio
East Tennessee St Univ	2066	Johnson City	Tennessee
East Tennessee St Univ	2066	Johnson City	Tennessee
Eastern Idaho Reg Med Ctr	2140	Idaho Falls	Idaho
Eisenhower Med Ctr-CA	1485	Rancho Mirage	California
Elson S Floyd COM WSU-WA	2276	Everett	Washington
Elson S Floyd COM WSU-WA	2276	Everett	Washington
Emory Univ SOM-GA	1113	Atlanta	Georgia
Emory Univ SOM-GA	1113	Atlanta	Georgia
Emory Univ SOM-GA	1113	Atlanta	Georgia
Emory Univ SOM-GA	1113	Atlanta	Georgia
Emory Univ SOM-GA	1113	Atlanta	Georgia
Englewood Hosp-NJ	1386	Englewood	New Jersey
Englewood Hosp-NJ	1386	Englewood	New Jersey
Englewood Hosp-NJ	1386	Englewood	New Jersey
FAU-Schmidt COM-FL	1586	Boca Raton	Florida
FIU Herbert Wertheim COM-FL	2317	Miami	Florida
Fairfield Med Ctr-OH	2208	Lancaster	Ohio
Family Health Ctrs at NYU Langone-NY	1663	Brooklyn	New York
Florida State University COM	1826	Cape Coral	Florida
Florida State University COM	1826	Sarasota	Florida
Florida State University COM	1826	Tallahassee	Florida
Florida State University COM	1826	Tallahassee	Florida
Flushing Hospital Med Ctr-NY	1445	Flushing	New York
Flushing Hospital Med Ctr-NY	1445	Flushing	New York
Franciscan Health Olympia Fields-IL	1950	Olympia Fields	Illinois
Garden City Hospital-MI	2106	Garden City	Michigan
Garnet Health Med Ctr-NY	2230	Middletown	New York
Geisinger Health System-PA	1608	Danville	Pennsylvania
Geisinger Health System-PA	1608	Wilkes Barre	Pennsylvania
Geisinger Health System-PA	1608	Danville	Pennsylvania
George Washington Univ-DC	1802	Washington	District Of Columbia
George Washington Univ-DC	1802	Washington	District Of Columbia
George Washington Univ-DC	1802	Washington	District Of Columbia
George Washington Univ-DC	1802	Washington	District Of Columbia
George Washington Univ-DC	1802	Washington	District Of Columbia
George Washington Univ-DC	1802	Washington	District Of Columbia
Good Samaritan Hosp-Cinn-OH	1550	Cincinnati	Ohio
Grand Strand Reg Med Ctr-SC	1761	Myrtle Beach	South Carolina
Greater Baltimore Med Ctr-MD	1241	Baltimore	Maryland
Greater Baltimore Med Ctr-MD	1241	Baltimore	Maryland
Greenwich Hospital-CT	1082	Greenwich	Connecticut
Greenwich Hospital-CT	1082	Greenwich	Connecticut
Griffin Hospital-CT	1977	Derby	Connecticut
Griffin Hospital-CT	1977	Derby	Connecticut
Griffin Hospital-CT	1977	Derby	Connecticut
Gundersen Lutheran Med Fdn-WI	1774	La Crosse	Wisconsin
Guthrie/Robert Packer Hosp-PA	1664	Sayre	Pennsylvania
HCA Corpus Christi Med Ctr-TX	2110	Corpus Christi	Texas
HCA Florida JFK Hosp-U Miami-FL	1384	Atlantis	Florida
HCA Florida Orange Park Hosp	1771	Orange Park	Florida
HCA Healthcare East FL Division GME	2232	Aventura	Florida
HCA Healthcare East FL Division GME	2232	Miami	Florida
HCA Healthcare East FL Division GME	2232	Ft Pierce	Florida
HCA Healthcare East FL Division GME	2232	Plantation	Florida
HCA Healthcare Kansas City-MO	2984	Overland Park	Kansas
HCA Healthcare LGH-Montgomery/VCOM-VA	2192	Blacksburg	Virginia
HCA Healthcare/TriStar Nashville-TN	2252	Nashville	Tennessee
HCA Healthcare/USF Morsani GME-Blake-FL	1899	Bradenton	Florida
HCA Healthcare/USF Morsani GME-Blake-FL	1899	Bradenton	Florida
HCA Healthcare/USF Morsani GME-Brandon-FL	1772	Brandon	Florida
HCA Healthcare/USF Morsani GME-Citrus-FL	2195	Inverness	Florida
HCA Healthcare/USF Morsani GME-Citrus-FL	2195	Inverness	Florida
HCA Healthcare/USF Morsani GME-Largo-FL	1981	Largo	Florida
HCA Healthcare/USF Morsani GME-Oak Hill-FL	1662	Brooksville	Florida
HCA Healthcare/USF Morsani GME-Oak Hill-FL	1662	Brooksville	Florida
HCA Healthcare/USF Morsani GME-Sarasota-FL	2392	Sarasota	Florida
HCA Healthcare/USF Morsani GME-Trinity-FL	2235	Trinity	Florida
HCA Healthcare/USF Morsani GME-Trinity-FL	2235	Trinity	Florida
HCA Healthcare/USF Morsani-Bayonet Pt-FL	2137	Hudson	Florida
HCA Healthcare/USF Morsani-Northside-FL	2107	St Petersburg	Florida
HCA Houston Healthcare/U Houston-TX	2211	Kingwood	Texas
HCA Houston Healthcare/U Houston-TX	2211	Webster	Texas
HCA Las Palmas del Sol Healthcare-TX	2188	El Paso	Texas
HCA Medical City Healthcare-TX	2244	Arlington	Texas
HCA Medical City Healthcare-TX	2244	Fort Worth	Texas
HCA Medical City Healthcare-TX	2244	Weatherford	Texas
HMH-Palisades Med Ctr-NJ	2136	North Bergen	New Jersey
Hackensack U Med Ctr-NJ	1387	Hackensack	New Jersey
Hackensack U Med Ctr-NJ	1387	Hackensack	New Jersey
Hackensack U Med Ctr-NJ	1387	Hackensack	New Jersey
Hamilton Med Ctr-GA	2222	Dalton	Georgia
Harbor-UCLA Med Ctr-CA	1067	Torrance	California
Harbor-UCLA Med Ctr-CA	1067	Torrance	California
Harbor-UCLA Med Ctr-CA	1067	Torrance	California
Harlem Hospital Ctr-NY	1478	New York	New York
Health Education Services-TN	2335	Hattiesburg	Mississippi
Health Education Services-TN	2335	Las Cruces	New Mexico
Health Education Services-TN	2335	Powell	Tennessee
Health Education Services-TN	2335	Huntsville	Alabama
Health Education Services-TN	2335	Poplar Bluff	Missouri
Health Education Services-TN	2335	Valparaiso	Indiana
Health Education Services-TN	2335	Tucson	Arizona
HealthONE-CO	1997	Lone Tree	Colorado
Hennepin Co Med Ctr-MN	1329	Minneapolis	Minnesota
Hennepin Co Med Ctr-MN	1329	Minneapolis	Minnesota
Henry Ford Hospital-MI	1300	Detroit	Michigan
Henry Ford Jackson Hospital-MI	1741	Jackson	Michigan
Henry Ford Macomb Hospital-MI	1924	Clinton Township	Michigan
HonorHealth-AZ	1929	Scottsdale	Arizona
HonorHealth-AZ	1929	Scottsdale	Arizona
Hosp Episcopal San Lucas-PR	2101	Ponce	Puerto Rico
Hosp of the Univ of PA	1628	Philadelphia	Pennsylvania
Hosp of the Univ of PA	1628	Philadelphia	Pennsylvania
Hosp of the Univ of PA	1628	Philadelphia	Pennsylvania
Hosp of the Univ of PA	1628	Philadelphia	Pennsylvania
Hosp of the Univ of PA	1628	Philadelphia	Pennsylvania
Hospital de la Concepcion-PR	1202	San German	Puerto Rico
Howard Univ Hosp-DC	2193	Washington	District Of Columbia
Howard Univ Hosp-DC	2193	Washington	District Of Columbia
Huntington Memorial Hosp-CA	1044	Pasadena	California
Huntington Memorial Hosp-CA	1044	Pasadena	California
Hurley Medical Ctr-MI	1307	Flint	Michigan
Hurley Medical Ctr-MI	1307	Flint	Michigan
ISMMS Mount Sinai Hospital-NY	1490	New York	New York
ISMMS Mount Sinai Hospital-NY	1490	New York	New York
ISMMS Mount Sinai Hospital-NY	1490	New York	New York
ISMMS Mount Sinai Hospital-NY	1490	New York	New York
ISMMS Mount Sinai Hospital-NY	1490	New York	New York
ISMMS Mount Sinai Morningside-West-NY	2070	New York	New York
ISMMS Mount Sinai Morningside-West-NY	2070	New York	New York
ISMMS Mount Sinai Morningside-West-NY	2070	New York	New York
ISMMS Mount Sinai Morningside-West-NY	2070	New York	New York
ISMMS Mount Sinai Morningside-West-NY	2070	New York	New York
ISMMS Mount Sinai Morningside-West-NY	2070	New York	New York
ISMMS Mount Sinai Morningside-West-NY	2070	New York	New York
ISMMS Mount Sinai South Nassau-NY	3067	Oceanside	New York
ISMMS Mount Sinai South Nassau-NY	3067	Oceanside	New York
ISMMS NYC Health+Hospitals/Elmhurst-NY	1491	Elmhurst	New York
ISMMS NYC Health+Hospitals/Elmhurst-NY	1491	Elmhurst	New York
ISMMS NYC Health+Hospitals/Queens-NY	1489	Jamaica	New York
ISMMS NYC Health+Hospitals/Queens-NY	1489	Jamaica	New York
ISMMS Valley Health System-NJ	2389	Paramus	New Jersey
Indiana University SOM	1187	Muncie	Indiana
Indiana University SOM	1187	Indianapolis	Indiana
Indiana University SOM	1187	Evansville	Indiana
Indiana University SOM	1187	Evansville	Indiana
Indiana University SOM	1187	Indianapolis	Indiana
Inova Fairfax Hospital-VA	3199	Falls Church	Virginia
Inspira Health Network-NJ	2086	Mullica Hill	New Jersey
Inspira Health Network-NJ	2086	Vineland	New Jersey
Inspira Health Network-NJ	2086	Vineland	New Jersey
JFK Med Ctr-NJ	3043	Perth Amboy	New Jersey
JHME-Jefferson Einstein Montgomery-PA	2206	East Norriton	Pennsylvania
JHME-Jefferson Einstein Philadelphia-PA	1631	Philadelphia	Pennsylvania
JHME-Jefferson Einstein Philadelphia-PA	1631	Philadelphia	Pennsylvania
JHME-Jefferson Einstein Philadelphia-PA	1631	Philadelphia	Pennsylvania
JHME-Jefferson Einstein Philadelphia-PA	1631	Philadelphia	Pennsylvania
JHME-Jefferson Einstein Philadelphia-PA	1631	Philadelphia	Pennsylvania
Jacobi Med Ctr/Einstein-NY	3172	Bronx	New York
Jacobi Med Ctr/Einstein-NY	3172	Bronx	New York
Jacobi Med Ctr/Einstein-NY	3172	Bronx	New York
Jacobi Med Ctr/Einstein-NY	3172	Bronx	New York
Jefferson Health New Jersey	2120	Stratford	New Jersey
Jefferson Health-Northeast-PA	2103	Philadelphia	Pennsylvania
Jersey Shore Univ Med Ctr-NJ	1395	Neptune	New Jersey
Jersey Shore Univ Med Ctr-NJ	1395	Neptune	New Jersey
Jersey Shore Univ Med Ctr-NJ	1395	Neptune	New Jersey
Jersey Shore Univ Med Ctr-NJ	1395	Neptune	New Jersey
Jersey Shore Univ Med Ctr-NJ	1395	Neptune	New Jersey
Jewish Hospital-OH	1551	Cincinnati	Ohio
Jewish Hospital-OH	1551	Cincinnati	Ohio
Johns Hopkins Hosp-MD	1242	Baltimore	Maryland
Johns Hopkins Hosp-MD	1242	Baltimore	Maryland
Johns Hopkins Hosp-MD	1242	Baltimore	Maryland
Johns Hopkins Hosp-MD	1242	Baltimore	Maryland
Johns Hopkins Hosp-MD	1242	Baltimore	Maryland
Johns Hopkins Hosp-MD	1242	Baltimore	Maryland
Johns Hopkins/Bayview-MD	1237	Baltimore	Maryland
Johns Hopkins/Bayview-MD	1237	Baltimore	Maryland
Johns Hopkins/Bayview-MD	1237	Baltimore	Maryland
Johns Hopkins/Bayview-MD	1237	Baltimore	Maryland
Johnston Memorial Hosp-VA	2178	Abingdon	Virginia
KCU-GME Consortium-MO	1987	Joplin	Missouri
Kaiser Permanente Hawaii	1727	Honolulu	Hawaii
Kaiser Permanente Mid-Atlantic-MD	2219	Gaithersburg	Maryland
Kaiser Permanente-Fontana-CA	2037	Fontana	California
Kaiser Permanente-Fontana-CA	2037	Fontana	California
Kaiser Permanente-Los Angeles-CA	2055	Los Angeles	California
Kaiser Permanente-Los Angeles-CA	2055	Los Angeles	California
Kaiser Permanente-Los Angeles-CA	2055	Los Angeles	California
Kaiser Permanente-Oakland-CA	1042	Oakland	California
Kaiser Permanente-Oakland-CA	1042	Oakland	California
Kaiser Permanente-Oakland-CA	1042	Oakland	California
Kaiser Permanente-Oakland-CA	1042	Oakland	California
Kaiser Permanente-SF-CA	1959	San Francisco	California
Kaiser Permanente-SF-CA	1959	San Francisco	California
Kaiser Permanente-SF-CA	1959	San Francisco	California
Kaiser Permanente-Santa Clara-CA	2135	Santa Clara	California
Kaiser Permanente-Santa Clara-CA	2135	Santa Clara	California
Kaiser Permanente-Santa Clara-CA	2135	Santa Clara	California
Kern Med Ctr-CA	1921	Bakersfield	California
Kettering Health Network-OH	1576	Dayton	Ohio
Kettering Health Network-OH	1576	Kettering	Ohio
Kirk Kerkorian SOM at UNLV-NV	2028	Las Vegas	Nevada
Kirk Kerkorian SOM at UNLV-NV	2028	Las Vegas	Nevada
Kirk Kerkorian SOM at UNLV-NV	2028	Las Vegas	Nevada
LSU SOM-Baton Rouge-LA	1221	Baton Rouge	Louisiana
LSU SOM-Baton Rouge-LA	1221	Baton Rouge	Louisiana
LSU SOM-New Orleans-LA	1224	New Orleans	Louisiana
LSU SOM-New Orleans-LA	1224	New Orleans	Louisiana
LSU SOM-New Orleans-LA	1224	New Orleans	Louisiana
LSUHSC University Hosps & Clinics-LA	1225	Lafayette	Louisiana
LSUHSC University Hosps & Clinics-LA	1225	Lafayette	Louisiana
LSUHSC-Shreveport-LA	1232	Shrevesport	Louisiana
LSUHSC-Shreveport-LA	1232	Shreveport	Louisiana
LSUHSC-Shreveport-LA	1232	Shreveport	Louisiana
LSUHSC-Shreveport-LA	1232	Shreveport	Louisiana
Lahey Clinic-MA	3130	Burlington	Massachusetts
Lahey Clinic-MA	3130	Burlington	Massachusetts
Lake Cumberland Regional Hosp-KY	2373	Somerset	Kentucky
Lakeland Regional Health-FL	2323	Lakeland	Florida
Lankenau Med Ctr-PA	1632	Wynnewood	Pennsylvania
Lankenau Med Ctr-PA	1632	Wynnewood	Pennsylvania
Larkin Comm Hosp Palm Springs Campus-FL	2238	Hialeah	Florida
Larkin Community Hospital-FL	1481	South Miami	Florida
Legacy Emanuel/Good Samaritan-OR	1594	Portland	Oregon
Legacy Salmon Creek Med Ctr-WA	2301	Vancouver	Washington
Lehigh Valley Hosp-PA	1601	Allentown	Pennsylvania
LewisGale Med Ctr-VA	2129	Salem	Virginia
Lincoln Med Ctr-NY	1484	Bronx	New York
Lincoln Med Ctr-NY	1484	Bronx	New York
Loma Linda Univ Med Ctr-Murrieta-CA	2251	Murrieta	California
Loma Linda University-CA	1024	Loma Linda	California
Loma Linda University-CA	1024	Loma Linda	California
Loma Linda University-CA	1024	Loma Linda	California
Loma Linda University-CA	1024	Loma Linda	California
Loma Linda University-CA	1024	Loma Linda	California
Los Robles Health System-CA	2264	Thousand Oaks	California
Los Robles Health System-CA	2264	Thousand Oaks	California
Lower Bucks Hosp-PA	2229	Bristol	Pennsylvania
Loyola Univ Med Ctr-IL	1170	Maywood	Illinois
Loyola Univ Med Ctr-IL	1170	Maywood	Illinois
Loyola Univ Med Ctr-IL	1170	Maywood	Illinois
MGB-Brigham & Womens Hosp-MA	1265	Boston	Massachusetts
MGB-Brigham & Womens Hosp-MA	1265	Boston	Massachusetts
MGB-Brigham & Womens Hosp-MA	1265	Boston	Massachusetts
MGB-Brigham & Womens Hosp-MA	1265	Boston	Massachusetts
MGB-Brigham & Womens Hosp-MA	1265	Boston	Massachusetts
MGB-Brigham & Womens Hosp-MA	1265	Boston	Massachusetts
MGB-Massachusetts Gen Hosp	1261	Boston	Massachusetts
MGB-Massachusetts Gen Hosp	1261	Boston	Massachusetts
MGB-Massachusetts Gen Hosp	1261	Boston	Massachusetts
MGB-Massachusetts Gen Hosp	1261	Boston	Massachusetts
MGB-Massachusetts Gen Hosp	1261	Boston	Massachusetts
MGB-Massachusetts Gen Hosp	1261	Boston	Massachusetts
MLK Jr Community Hospital	2311	Los Angeles	California
MacNeal Hospital-IL	1121	Berwyn	Illinois
Magnolia Regional Health Ctr-MS	1923	Corinth	Mississippi
Maimonides Med Ctr-NY	1428	Brooklyn	New York
Maimonides Med Ctr-NY	1428	Brooklyn	New York
Maimonides Med Ctr-NY	1428	Brooklyn	New York
Maine Med Ctr	1236	Portland	Maine
Maine Med Ctr	1236	Portand	Maine
Maine Med Ctr	1236	Portland	Maine
Maine Med Ctr	1236	Portland	Maine
Manatee Memorial Hosp-FL	2109	Bradenton	Florida
Marshall University SOM-WV	3066	Huntington	West Virginia
Marshall University SOM-WV	3066	Huntington	West Virginia
Marshall University SOM-WV	3066	Huntington	West Virginia
Marshfield Clinic-WI	1780	Marshfield	Wisconsin
Marshfield Clinic-WI	1780	Marshfield	Wisconsin
Mary Washington Healthcare-VA	2347	Fredericksburg	Virginia
Mass General Brigham-MA	2395	Salem	Massachusetts
Mass General Brigham-MA	2395	Salem	Massachusetts
Mass General Brigham-MA	2395	Salem	Massachusetts
Mass General Brigham-MA	2395	Boston	Massachusetts
Mayo Clinic School of Grad Med Educ-AZ	3200	Scottsdale	Arizona
Mayo Clinic School of Grad Med Educ-AZ	3200	Scottsdale	Arizona
Mayo Clinic School of Grad Med Educ-FL	1032	Jacksonville	Florida
Mayo Clinic School of Grad Med Educ-MN	1328	Rochester	Minnesota
Mayo Clinic School of Grad Med Educ-MN	1328	Rochester	Minnesota
Mayo Clinic School of Grad Med Educ-MN	1328	Rochester	Minnesota
McLaren Health Care Corp-MI	1866	Flint	Michigan
McLaren Health Care Corp-MI	1866	Lansing	Michigan
McLaren Health Care Corp-MI	1866	Mount Clemens	Michigan
McLaren Health Care Corp-MI	1866	Pontiac	Michigan
Med Coll Wisconsin Affil Hosps	1784	Milwaukee	Wisconsin
Med Coll Wisconsin Affil Hosps	1784	Milwaukee	Wisconsin
Med Coll Wisconsin Affil Hosps	1784	Milwaukee	Wisconsin
Med Coll Wisconsin Affil Hosps	1784	Milwaukee	Wisconsin
Med Coll Wisconsin Affil Hosps	1784	Milwaukee	Wisconsin
Med Coll Wisconsin Affil Hosps	1784	Milwaukee	Wisconsin
Med Coll Wisconsin Affil Hosps	1784	Milwaukee	Wisconsin
Med Univ of SC Regional Network	2398	Florence	South Carolina
MedStar Georgetown Univ Hosp-DC	1801	Washington	District Of Columbia
MedStar Georgetown Univ Hosp-DC	1801	Washington	District Of Columbia
MedStar Union Memorial Hosp-MD	1251	Baltimore	Maryland
MedStar Union Memorial Hosp-MD	1251	Baltimore	Maryland
MedStar Union Memorial Hosp-MD	1251	Baltimore	Maryland
MedStar Union Memorial Hosp-MD	1251	Baltimore	Maryland
MedStar Union Memorial Hosp-MD	1251	Baltimore	Maryland
MedStar Washington Hosp Ctr-DC	1800	Washington	District Of Columbia
MedStar Washington Hosp Ctr-DC	1800	Washington	District Of Columbia
MedStar Washington Hosp Ctr-DC	1800	Washington	District Of Columbia
Medical College of Georgia	1985	Augusta	Georgia
Medical College of Georgia	1985	Augusta	Georgia
Medical College of Georgia	1985	Augusta	Georgia
Medical College of Georgia	1985	Augusta	Georgia
Medical University of SC	1680	Charleston	South Carolina
Medical University of SC	1680	Charleston	South Carolina
Medical University of SC	1680	Charleston	South Carolina
Medical University of SC	1680	Charleston	South Carolina
Medical University of SC	1680	Charleston	South Carolina
Medical University of SC	1680	Charleston	South Carolina
Medical University of SC	1680	Charleston	South Carolina
Meharry/Metro General Hosp-TN	1028	Nashville	Tennessee
Meharry/Metro General Hosp-TN	1028	Nashville	Tennessee
Memorial Health Univ Med Ctr-GA	1971	Savannah	Georgia
Memorial Health Univ Med Ctr-GA	1971	Savannah	Georgia
Memorial Healthcare System-FL	2085	Pembroke Pines	Florida
Memorial Healthcare System-FL	2085	Pembroke Pines	Florida
Memorial Hospital at Gulfport-MS	2294	Gulfport	Mississippi
Mercy Catholic Med Ctr-PA	1636	Darby	Pennsylvania
Mercy Catholic Med Ctr-PA	1636	Darby	Pennsylvania
Mercy Health-St Ritas Med Ctr-OH	2203	Lima	Ohio
Mercy Hospital St Louis-MO	1362	St Louis	Missouri
Mercy Med Ctr-Des Moines-IA	1346	Des Moines	Iowa
Mercy Med Ctr-Des Moines-IA	1346	Des Moines	Iowa
Mercy St Vincent Med Ctr-OH	1580	Toledo	Ohio
MercyOne North Iowa Med Ctr	2015	Mason City	Iowa
Mercyhealth GME Consortium-IL	2163	Rockford	Illinois
Methodist Health System Dallas-TX	1707	Dallas	Texas
Methodist Healthcare Memphis Hosps-TN	2330	Memphis	Tennessee
Methodist Healthcare Sys-San Antonio-TX	1535	San Antonio	Texas
Methodist Hospital-Houston-TX	1167	Houston	Texas
Methodist Hospital-Houston-TX	1167	The Woodlands	Texas
MetroWest Med Ctr-Framingham-MA	1812	Framingham	Massachusetts
Midwestern University OPTI-AZ	2156	Cottonwood	Arizona
Midwestern University OPTI-AZ	2156	Mesa	Arizona
Midwestern University OPTI-AZ	2156	Sierra Vista	Arizona
Mobile Infirmary Med Ctr-AL	2405	Mobile	Alabama
Mobile Infirmary Med Ctr-AL	2405	Mobile	Alabama
Montefiore Med Ctr/Einstein-NY	3153	Bronx	New York
Montefiore Med Ctr/Einstein-NY	3153	Bronx	New York
Montefiore Med Ctr/Einstein-NY	3153	Bronx	New York
Montefiore Med Ctr/Einstein-NY	3153	Bronx	New York
Montefiore Med Ctr/Einstein-NY	3153	Bronx	New York
Montefiore St Lukes Cornwall-NY	2309	Newburgh	New York
Montefiore-New Rochelle/Einstein-NY	1459	New Rochelle	New York
Montefiore-New Rochelle/Einstein-NY	1459	New Rochelle	New York
Morehouse Sch of Med-GA	2099	Atlanta	Georgia
Morehouse Sch of Med-GA	2099	Atlanta	Georgia
Morristown Med Ctr-NJ	1394	Morristown	New Jersey
Morristown Med Ctr-NJ	1394	Morristown	New Jersey
Mount Carmel Health System-OH	1565	Grove City	Ohio
Mountain AHEC-NC	3023	Asheville	North Carolina
Mountain AHEC-NC	3023	Asheville	North Carolina
Mountainside Hosp-NJ	1393	Montclair	New Jersey
Mountainside Hosp-NJ	1393	Montclair	New Jersey
Mountainside Hosp-NJ	1393	Montclair	New Jersey
Mt Auburn Hospital-MA	1269	Cambridge	Massachusetts
Mt Auburn Hospital-MA	1269	Cambridge	Massachusetts
Mt Auburn Hospital-MA	1269	Cambridge	Massachusetts
Mt Auburn Hospital-MA	1269	Cambridge	Massachusetts
Mt Sinai Hosp Med Ctr-IL	1144	Chicago	Illinois
Mt Sinai Med Ctr-Miami-FL	1105	Miami Beach	Florida
Mt Sinai Med Ctr-Miami-FL	1105	Miami Beach	Florida
NCH Healthcare Sys-FL	1958	Naples	Florida
NYMC-Landmark Med Ctr-RI	2307	Woonsocket	Rhode Island
NYMC-Landmark Med Ctr-RI	2307	Woonsocket	Rhode Island
NYMC-Metropolitan Hosp Ctr-NY	1473	New York	New York
NYMC-Metropolitan Hosp Ctr-NY	1473	New York	New York
NYMC-St Marys and St Clares-NY	2375	Denville	New Jersey
NYMC-St Marys and St Clares-NY	2375	Denville	New Jersey
NYMC-St Michaels Med Ctr-NJ	1857	Newark	New Jersey
NYMC-St Michaels Med Ctr-NJ	1857	Newark	New Jersey
NYP Brooklyn Methodist Hosp-NY	1429	Brooklyn	New York
NYP Brooklyn Methodist Hosp-NY	1429	Brooklyn	New York
NYP Hosp-Columbia Univ Med Ctr-NY	1495	New York	New York
NYP Hosp-Weill Cornell Med Ctr-NY	1492	New York	New York
NYP Hosp-Weill Cornell Med Ctr-NY	1492	New York	New York
NYP Hosp-Weill Cornell Med Ctr-NY	1492	New York	New York
NYU Grossman Long Island SOM-NY	1455	Mineola	New York
NYU Grossman Long Island SOM-NY	1455	Mineola	New York
NYU Grossman Long Island SOM-NY	1455	Mineola	New York
NYU Grossman School Of Medicine-NY	2978	New York	New York
NYU Grossman School Of Medicine-NY	2978	New York	New York
NYU Grossman School Of Medicine-NY	2978	New York	New York
NYU Grossman School Of Medicine-NY	2978	New York	New York
NYU Grossman School Of Medicine-NY	2978	New York	New York
NYU Grossman School Of Medicine-NY	2978	New York	New York
NYU Grossman School Of Medicine-NY	2978	New York	New York
NYU Grossman School Of Medicine-NY	2978	New York	New York
NYU Grossman School Of Medicine-NY	2978	New York	New York
NYU Grossman School Of Medicine-NY	2978	New York	New York
NYU Grossman School Of Medicine-NY	2978	New York	New York
NYU Grossman School Of Medicine-NY	2978	New York	New York
NYU Grossman School Of Medicine-NY	2978	New York	New York
NYU Grossman School Of Medicine-NY	2978	New York	New York
NYU Grossman School Of Medicine-NY	2978	New York	New York
NYU Grossman School Of Medicine-NY	2978	New York	New York
NYU Grossman School Of Medicine-NY	2978	New York	New York
NYU Grossman School Of Medicine-NY	2978	New York	New York
NYU Grossman School Of Medicine-NY	2978	New York	New York
NYU Grossman School Of Medicine-NY	2978	New York	New York
NYU Grossman School Of Medicine-NY	2978	New York	New York
NYU Grossman School Of Medicine-NY	2978	New York	New York
NYU Grossman School Of Medicine-NY	2978	New York	New York
NYU Grossman School Of Medicine-NY	2978	New York	New York
Nassau Univ Med Ctr-NY	1448	East Meadow	New York
Nassau Univ Med Ctr-NY	1448	East Meadow	New York
Nassau Univ Med Ctr-NY	1448	East Meadow	New York
Nazareth Hospital-PA	1932	Philadelphia	Pennsylvania
New Hanover Reg Med Ctr-NC	1534	Wilmington	North Carolina
New Hanover Reg Med Ctr-NC	1534	Wilmington	North Carolina
New York-Presbyterian/Queens	1822	Flushing	New York
New York-Presbyterian/Queens	1822	Flushing	New York
North Alabama Med Ctr	2239	Florence	Alabama
North East Medical Services-CA	2349	Daly City	California
North Mississippi Med Ctr	1218	Tupelo	Mississippi
North Oaks Med Ctr LLC-LA	2409	Hammond	Louisiana
Northeast Georgia Med Ctr	2166	Gainesville	Georgia
Northeast Georgia Med Ctr	2166	Gainesville	Georgia
Northside Hospital Gwinnett-GA	1796	Lawerenceville	Georgia
Northside Hospital Gwinnett-GA	1796	Lawrenceville	Georgia
Northwestern McGaw/NMH/VA-IL	2247	Chicago	Illinois
Northwestern McGaw/NMH/VA-IL	2247	Chicago	Illinois
Northwestern McGaw/NMH/VA-IL	2247	Chicago	Illinois
Northwestern McGaw/NMH/VA-IL	2247	Chicago	Illinois
Northwestern McGaw/NMH/VA-IL	2247	Chicago	Illinois
Norwalk Hospital-CT	1093	Norwalk	Connecticut
Nuvance Health Consortium-NY	2183	Poughkeepsie	New York
OMECO-OK	2171	Tahlequah	Oklahoma
Ocean University Med Ctr-NJ	2108	Brick	New Jersey
Ochsner Clinic Foundation-LA	1966	New Orleans	Louisiana
Ochsner Clinic Foundation-LA	1966	New Orleans	Louisiana
Ochsner Clinic Foundation-LA	1966	New Orleans	Louisiana
Ohio State University Med Ctr	1566	Columbus	Ohio
Ohio State University Med Ctr	1566	Columbus	Ohio
Ohio State University Med Ctr	1566	Columbus	Ohio
Ohio State University Med Ctr	1566	Columbus	Ohio
Ohio State University Med Ctr	1566	Columbus	Ohio
Ohio State University Med Ctr	1566	Columbus	Ohio
Ohio State University Med Ctr	1566	Columbus	Ohio
Ohio State University Med Ctr	1566	Columbus	Ohio
OhioHealth-Doctors Hosp	2122	Columbus	Ohio
OhioHealth-Riverside Methodist	1567	Columbus	Ohio
OhioHealth-Riverside Methodist	1567	Columbus	Ohio
Oklahoma State U Ctr for Health Sci	2162	Stillwater	Oklahoma
Oklahoma State U Ctr for Health Sci	2162	Tulsa	Oklahoma
Oklahoma State U Ctr for Health Sci	2162	Tulsa	Oklahoma
Olive View-UCLA Med Ctr-CA	2950	Sylmar	California
Olive View-UCLA Med Ctr-CA	2950	Sylmar	California
Olive View-UCLA Med Ctr-CA	2950	Sylmar	California
Olive View-UCLA Med Ctr-CA	2950	Sylmar	California
Oregon Health & Science Univ	1599	Portland	Oregon
Oregon Health & Science Univ	1599	Hillsboro	Oregon
Orlando Health-FL	1107	Orlando	Florida
Orlando Health-FL	1107	Orlando	Florida
Our Lady Of Lourdes-NY	2185	Binghamton	New York
Overlook Hospital-NJ	1408	Summit	New Jersey
Overlook Hospital-NJ	1408	Summit	New Jersey
Palmetto General Hosp-FL	2121	Hialeah	Florida
Parkview Health-IN	2306	Fort Wayne	Indiana
Parkview Med Ctr-CO	2050	Pueblo	Colorado
Penn State Hershey Med Ctr-PA	1617	Hershey	Pennsylvania
Penn State Hershey Med Ctr-PA	1617	Hershey	Pennsylvania
Penn State Hershey Med Ctr-PA	1617	Hershey	Pennsylvania
Penn State Hershey Med Ctr-PA	1617	Hershey	Pennsylvania
Pennsylvania Hospital	1639	Philadelphia	Pennsylvania
Pennsylvania Hospital	1639	Philadelphia	Pennsylvania
Pennsylvania Hospital	1639	Philadelphia	Pennsylvania
Philadelphia Coll of Osteo Med-PA	2158	Philadelphia	Pennsylvania
Philadelphia Coll of Osteo Med-PA	2158	Philadelphia	Pennsylvania
Philadelphia Coll of Osteo Med-PA	2158	Philadelphia	Pennsylvania
Piedmont Athens Regional-GA	1805	Athens	Georgia
Piedmont Macon Med Ctr-GA	1972	Macon	Georgia
Portsmouth Regional Hosp-NH	2248	Portsmouth	New Hampshire
Prime South Consortium-TX	2408	Riverdale	Georgia
Prime West Consortium-CA	2150	Inglewood	California
Prime West Consortium-CA	2150	Victorville	California
Prime West Consortium-CA	2150	Redding	California
Prime West Consortium-CA	2150	Anaheim	California
Prisma Health-U of SC SOM Columbia	1681	Columbia	South Carolina
Prisma Health-U of SC SOM Columbia	1681	Columbia	South Carolina
Prisma Health-U of SC SOM Columbia	1681	Columbia	South Carolina
Prisma Health-U of SC SOM Greenville	1683	Greenville	South Carolina
Prisma Health-U of SC SOM Greenville	1683	Greenville	South Carolina
Providence Health-OR	1827	Portland	Oregon
Providence Health-OR	1827	Portland	Oregon
Providence Health-OR	1827	Portland	Oregon
Providence Health-OR	1827	Portland	Oregon
Providence Sacred Heart Med Ctr-WA	1758	Spokane	Washington
RFUMS/Chicago Medical School-IL	3053	North Chicago	Illinois
RFUMS/Chicago Medical School-IL	3053	Mchenry	Illinois
Richmond Univ Med Ctr-NY	1514	Staten Island	New York
Richmond Univ Med Ctr-NY	1514	Staten Island	New York
Riverside Community Hospital-CA	1877	Riverside	California
Riverside Community Hospital-CA	1877	Riverside	California
Riverside Medical Ctr-IL	2177	Kankakee	Illinois
Riverside Reg Med Ctr-VA	1739	Newport News	Virginia
Riverside University Health Sys-CA	1850	Moreno Valley	California
Rochester Gen Hosp-NY	1509	Rochester	New York
Rochester Regional Health/Unity Hosp-NY	1510	Rochester	New York
Rochester Regional Health/Unity Hosp-NY	1510	Rochester	New York
Roger Williams Med Ctr-RI	1678	Providence	Rhode Island
Roger Williams Med Ctr-RI	1678	Providence	Rhode Island
Roger Williams Med Ctr-RI	1678	Providence	Rhode Island
Rush University Med Ctr-IL	1147	Chicago	Illinois
Rush University Med Ctr-IL	1147	Chicago	Illinois
Rush University Med Ctr-IL	1147	Chicago	Illinois
Rutgers-Community Med Ctr-NJ	2298	Toms River	New Jersey
Rutgers-Jersey City Med Ctr-NJ	1390	Jersey City	New Jersey
Rutgers-Monmouth Med Ctr-NJ	1392	Long Branch	New Jersey
Rutgers-New Jersey Medical School	1398	Newark	New Jersey
Rutgers-New Jersey Medical School	1398	Newark	New Jersey
Rutgers-New Jersey Medical School	1398	Newark	New Jersey
Rutgers-New Jersey Medical School	1398	Newark	New Jersey
Rutgers-New Jersey Medical School	1398	Newark	New Jersey
Rutgers-Newark Beth Israel Med Ctr-NJ	1397	Newark	New Jersey
Rutgers-Newark Beth Israel Med Ctr-NJ	1397	Newark	New Jersey
Rutgers-R W Johnson Medical School-NJ	2918	New Brunswick	New Jersey
Rutgers-Trinitas Med Ctr-NJ	2391	Elizabeth	New Jersey
SIU SOM & Affil Hosps-IL	2922	Springfield	Illinois
SIU SOM & Affil Hosps-IL	2922	Springfield	Illinois
SSM Health/St Louis Univ SOM-MO	1365	St Louis	Missouri
SSM Health/St Louis Univ SOM-MO	1365	Saint Louis	Missouri
SSM Health/St Louis Univ SOM-MO	1365	St Louis	Missouri
SSM St Marys Hospital-St Louis-MO	1999	St Louis	Missouri
SUNY HSC Brooklyn-NY	1426	Brooklyn	New York
SUNY HSC Brooklyn-NY	1426	Brooklyn	New York
SUNY HSC Brooklyn-NY	1426	Brooklyn	New York
SUNY Upstate Med University	1516	Syracuse	New York
SUNY Upstate Med University	1516	Syracuse	New York
SUNY Upstate Med University	1516	Syracuse	New York
SUNY Upstate Med University	1516	Syracuse	New York
SW Healthcare Med Ed Consortium-CA	2213	Temecula	California
Samaritan Health Services-Corvallis-OR	1715	Corvallis	Oregon
Samaritan Health Services-Corvallis-OR	1715	Corvallis	Oregon
Samaritan Med Ctr-NY	2024	Watertown	New York
San Joaquin Gen Hosp-CA	1021	French Camp	California
San Joaquin Gen Hosp-CA	1021	French Camp	California
San Juan VA Med Ctr-PR	3012	San Juan	Puerto Rico
San Juan VA Med Ctr-PR	3012	San Juan	Puerto Rico
San Ysidro Health-CA	2220	San Diego	California
Santa Barbara Cottage Hosp-CA	1064	Santa Barbara	California
Santa Barbara Cottage Hosp-CA	1064	Santa Barbara	California
Santa Clara Valley Med Ctr-CA	1063	San Jose	California
Santa Clara Valley Med Ctr-CA	1063	San Jose	California
Santa Clara Valley Med Ctr-CA	1063	San Jose	California
Scripps Clinic/Green Hospital-CA	1340	La Jolla	California
Scripps Mercy Hosp-San Diego-CA	1048	San Diego	California
Sierra View Med Ctr-CA	2278	Porterville	California
Sierra View Med Ctr-CA	2278	Porterville	California
Sinai Hospital of Baltimore-MD	1249	Baltimore	Maryland
Sinai Hospital of Baltimore-MD	1249	Baltimore	Maryland
Sinai Hospital of Baltimore-MD	1249	Baltimore	Maryland
Sinai Hospital of Baltimore-MD	1249	Baltimore	Maryland
Skagit Regional Health-WA	2159	Mount Vernon	Washington
South Brooklyn Health.-NY	1422	Brooklyn	New York
South Georgia Med Ctr	2292	Valdosta	Georgia
Southeast Health-AL	2132	Dothan	Alabama
Sovah Health-Danville-VA	2145	Danville	Virginia
St Agnes Hospital-MD	1247	Baltimore	Maryland
St Agnes Hospital-MD	1247	Baltimore	Maryland
St Agnes Hospital-MD	1247	Baltimore	Maryland
St Agnes Med Ctr-CA	2138	Fresno	California
St Bernards Med Ctr-AR	2214	Jonesboro	Arkansas
St Elizabeth Youngstown Hosp-OH	1584	Youngstown	Ohio
St Elizabeths Med Ctr-MA	1266	Boston	Massachusetts
St Elizabeths Med Ctr-MA	1266	Boston	Massachusetts
St Francis Med Ctr-LA	2352	Monroe	Louisiana
St Francis-Emory Healthcare-GA	2326	Columbus	Georgia
St Johns Riverside Hospital-NY	1897	Yonkers	New York
St Johns Riverside Hospital-NY	1897	Yonkers	New York
St Joseph Hospital SCL Health-CO	1074	Denver	Colorado
St Joseph Hospital SCL Health-CO	1074	Denver	Colorado
St Josephs Med Ctr-CA	2161	Stockton	California
St Josephs Univ Med Ctr-NJ	1406	Paterson	New Jersey
St Lukes Hosp-Anderson-PA	2176	Easton	Pennsylvania
St Lukes Hosp-Bethlehem-PA	1605	Bethlehem	Pennsylvania
St Lukes Hosp-Bethlehem-PA	1605	Bethlehem	Pennsylvania
St Lukes Hospital-St Louis-MO	1364	St Louis	Missouri
St Lukes Hospital-St Louis-MO	1364	St Louis	Missouri
St Mary Med Ctr-Langhorne-PA	2139	Langhorne	Pennsylvania
St Mary Med Ctr-Long Beach-CA	1025	Long Beach	California
St Mary Med Ctr-Long Beach-CA	1025	Long Beach	California
St Mary Med Ctr-Long Beach-CA	1025	Long Beach	California
St Marys Hospital-CT	1096	Waterbury	Connecticut
St Marys Hospital-CT	1096	Waterbury	Connecticut
St Marys Med Ctr-SF-CA	1057	San Francisco	California
St Marys Med Ctr-SF-CA	1057	San Francisco	California
St Peters University Hosp-NJ	3211	New Brunswick	New Jersey
St Vincent Hosp-Worcester-MA	1290	Worcester	Massachusetts
St Vincent Hosp-Worcester-MA	1290	Worcester	Massachusetts
St Vincents Med Ctr-CT	1080	Bridgeport	Connecticut
St Vincents Med Ctr-CT	1080	Bridgeport	Connecticut
St Vincents Med Ctr-CT	1080	Bridgeport	Connecticut
St Vincents Med Ctr-CT	1080	Bridgeport	Connecticut
Stamford Hospital/Columbia-CT	1095	Stamford	Connecticut
Stanford Health Care-CA	1820	Stanford	California
Stanford Health Care-CA	1820	Stanford	California
Stanford Health Care-CA	1820	Stanford	California
Stanford Health Care-CA	1820	Stanford	California
Stanford Health Care-CA	1820	Stanford	California
Steward Carney Hospital-MA	1258	Boston	Massachusetts
Steward Carney Hospital-MA	1258	Boston	Massachusetts
Still OPTI-Northeast Reg Med Ctr-MO	2152	Kirksville	Missouri
Stony Brook Teach Hosps-NY	2919	Southampton	New York
Stony Brook Teach Hosps-NY	2919	Stony Brook	New York
Stony Brook Teach Hosps-NY	2919	Stony Brook	New York
Stony Brook Teach Hosps-NY	2919	Stony Brook	New York
Stony Brook Teach Hosps-NY	2919	Stony Brook	New York
Suburban Community Hosp-PA	1970	East Norriton	Pennsylvania
Suburban Community Hosp-PA	1970	East Norriton	Pennsylvania
Summa Health/NEOMED-OH	1541	Akron	Ohio
Summa Health/NEOMED-OH	1541	Akron	Ohio
Sunrise Health GME Consortium-NV	1884	Las Vegas	Nevada
Sutter Health-CA	1135	Roseville	California
Sutter Health-CA	1135	Oakland	California
Swedish Hospital-IL	1159	Chicago	Illinois
TIGMER-TX	2169	San Antonio	Texas
TIGMER-TX	2169	Laredo	Texas
Temple Univ Hosp-PA	1646	Philadelphia	Pennsylvania
Temple Univ Hosp-PA	1646	Philadelphia	Pennsylvania
Temple Univ Hosp-PA	1646	Philadelphia	Pennsylvania
Temple Univ Hosp-PA	1646	Philadelphia	Pennsylvania
Texas Health Resources	2279	Fort Worth	Texas
Texas Health Resources	2279	Dallas	Texas
Texas Health Resources	2279	Plano	Texas
Texas Health Resources	2279	Bedford	Texas
Texas Health Resources	2279	Dallas	Texas
Texas Tech U Affil-Amarillo	2993	Amarillo	Texas
Texas Tech U Affil-El Paso	1710	El Paso	Texas
Texas Tech U Affil-El Paso	1710	El Paso	Texas
Texas Tech U Affil-Lubbock	2973	Lubbock	Texas
Texas Tech U Affil-Lubbock	2973	Lubbock	Texas
Texas Tech U Affil-Permian Basin	3124	Odessa	Texas
The MetroHealth Sys/Case Western-OH	1553	Cleveland	Ohio
The MetroHealth Sys/Case Western-OH	1553	Cleveland	Ohio
The MetroHealth Sys/Case Western-OH	1553	Cleveland	Ohio
The MetroHealth Sys/Case Western-OH	1553	Cleveland	Ohio
The MetroHealth Sys/Case Western-OH	1553	Cleveland	Ohio
The MetroHealth Sys/Case Western-OH	1553	Cleveland	Ohio
The MetroHealth Sys/Case Western-OH	1553	Cleveland	Ohio
Thomas Hospital-AL	2271	Fairhope	Alabama
Thomas Jefferson Univ-PA	1630	Philadelphia	Pennsylvania
Thomas Jefferson Univ-PA	1630	Philadelphia	Pennsylvania
Thomas Jefferson Univ-PA	1630	Philadelphia	Pennsylvania
TidalHealth	2316	Salisbury	Maryland
Tower Health/Phoenixville Hosp-PA	2290	Phoenixville	Pennsylvania
Tower Health/Reading Hospital-PA	1661	Reading	Pennsylvania
Tower Health/Reading Hospital-PA	1661	West Reading	Pennsylvania
Tower Health/Reading Hospital-PA	1661	Reading	Pennsylvania
Trident Medical Center-SC	2056	North Charleston	South Carolina
Trinity Health Ann Arbor Hosp-MI	1292	Ann Arbor	Michigan
Trinity Health Grand Rapids-MI	1995	Grand Rapids	Michigan
Trinity Health Livonia Hosp-MI	1418	Livonia	Michigan
Trinity Health Muskegon-MI	2102	Muskegon	Michigan
Trinity Health Oakland-MI	1319	Pontiac	Michigan
Trinity Health System-OH	2308	Steubenville	Ohio
Trios Health-WA	2167	Kennewick	Washington
Tripler Army Med Ctr-HI	1431	Tripler Amc	Hawaii
Tucson Hospitals Med Ed-AZ	1014	Tucson	Arizona
Tufts Medical Center-MA	1263	Boston	Massachusetts
Tulane Univ SOM-LA	3073	New Orleans	Louisiana
Tulane Univ SOM-LA	3073	New Orleans	Louisiana
Tulane Univ SOM-LA	3073	New Orleans	Louisiana
Tulane Univ SOM-LA	3073	New Orleans	Louisiana
Tulane Univ SOM-LA	3073	New Orleans	Louisiana
Tulane Univ SOM-LA	3073	New Orleans	Louisiana
Tulane Univ SOM-LA	3073	New Orleans	Louisiana
U Alabama Med Ctr-Birmingham	1007	Birmingham	Alabama
U Alabama Med Ctr-Birmingham	1007	Birmingham	Alabama
U Alabama Med Ctr-Birmingham	1007	Birmingham	Alabama
U Alabama SOM-Huntsville	2947	Huntsville	Alabama
U Alabama SOM-Montgomery	1009	Montogmery	Alabama
U Alabama SOM-Montgomery	1009	Montgomery	Alabama
U Arizona COM-Phoenix	1011	Phoenix	Arizona
U Arizona COM-Phoenix	1011	Phoenix	Arizona
U Arizona COM-Phoenix	1011	Phoenix	Arizona
U Arizona COM-Phoenix	1011	Phoenix	Arizona
U Arizona COM-Phoenix	1011	Phoenix	Arizona
U Arizona COM-Tucson	1015	Tucson	Arizona
U Arizona COM-Tucson	1015	Tucson	Arizona
U Arkansas COM-Fayetteville	1871	Fayetteville	Arkansas
U Arkansas COM-Little Rock	1018	Little Rock	Arkansas
U Arkansas COM-Little Rock	1018	Little Rock	Arkansas
U Central FL/HCA Healthcare GME	1587	Fort Walton Beach	Florida
U Central FL/HCA Healthcare GME	1587	Gainesville	Florida
U Central FL/HCA Healthcare GME	1587	Sanford	Florida
U Central FL/HCA Healthcare GME	1587	Orlando	Florida
U Central FL/HCA Healthcare GME	1587	Pensacola	Florida
U Central FL/HCA Healthcare GME	1587	Ocala	Florida
U Cincinnati Med Ctr-OH	1548	Cincinnati	Ohio
U Cincinnati Med Ctr-OH	1548	Cincinnati	Ohio
U Cincinnati Med Ctr-OH	1548	Cincinnati	Ohio
U Cincinnati Med Ctr-OH	1548	Cincinnati	Ohio
U Cincinnati Med Ctr-OH	1548	Cincinnati	Ohio
U Colorado SOM-Denver	1076	Aurora	Colorado
U Colorado SOM-Denver	1076	Aurora	Colorado
U Colorado SOM-Denver	1076	Aurora	Colorado
U Colorado SOM-Denver	1076	Aurora	Colorado
U Colorado SOM-Denver	1076	Aurora	Colorado
U Colorado SOM-Denver	1076	Aurora	Colorado
U Connecticut School of Medicine	1094	Farmington	Connecticut
U Connecticut School of Medicine	1094	Farmington	Connecticut
U Connecticut School of Medicine	1094	Farmington	Connecticut
U Florida COM-Jacksonville	1101	Jacksonville	Florida
U Florida COM-Jacksonville	1101	Jacksonville	Florida
U Florida COM-Jacksonville	1101	Jacksonville	Florida
U Florida COM-Shands Hosp	1824	Gainesville	Florida
U Florida COM-Shands Hosp	1824	Pensacola	Florida
U Florida COM-Shands Hosp	1824	Gainesville	Florida
U Illinois COM-Chicago	1150	Chicago	Illinois
U Illinois COM-Chicago	1150	Chicago	Illinois
U Illinois COM-Chicago	1150	Chicago	Illinois
U Illinois COM-Chicago	1150	Chicago	Illinois
U Illinois COM-Peoria OSF	1175	Peoria	Illinois
U Illinois COM-Peoria OSF	1175	Peoria	Illinois
U Iowa Hospitals & Clinics	1203	Iowa City	Iowa
U Iowa Hospitals & Clinics	1203	Iowa City	Iowa
U Iowa Hospitals & Clinics	1203	Iowa City	Iowa
U Iowa Hospitals & Clinics	1203	Iowa City	Iowa
U Kansas SOM-Kansas City	1208	Kansas City	Kansas
U Kansas SOM-Kansas City	1208	Kansas City	Kansas
U Kansas SOM-Kansas City	1208	Kansas City	Kansas
U Kansas SOM-Kansas City	1208	Kansas City	Kansas
U Kansas SOM-Kansas City	1208	Kansas City	Kansas
U Kansas SOM-Kansas City	1208	Kansas City	Kansas
U Kansas SOM-Kansas City	1208	Kansas City	Kansas
U Kansas SOM-Kansas City	1208	Kansas City	Kansas
U Kansas SOM-Kansas City	1208	Kansas City	Kansas
U Kansas SOM-Kansas City	1208	Kansas City	Kansas
U Kansas SOM-Wichita	3054	Wichita	Kansas
U Kansas SOM-Wichita	3054	Wichita	Kansas
U Kansas SOM-Wichita	3054	Wichita	Kansas
U Kentucky Med Ctr	1848	Bowling Green	Kentucky
U Kentucky Med Ctr	1848	Lexington	Kentucky
U Kentucky Med Ctr	1848	Lexington	Kentucky
U Kentucky Med Ctr	1848	Lexington	Kentucky
U Kentucky Med Ctr	1848	Lexington	Kentucky
U Kentucky Med Ctr	1848	Lexington	Kentucky
U Louisville SOM-KY	1217	Louisville	Kentucky
U Louisville SOM-KY	1217	Louisville	Kentucky
U Louisville SOM-KY	1217	Louisville	Kentucky
U Louisville SOM-KY	1217	Louisville	Kentucky
U Maryland Capital Region Health	1905	Largo	Maryland
U Maryland Med Ctr	1252	Baltimore	Maryland
U Maryland Med Ctr	1252	Baltimore	Maryland
U Maryland Med Ctr	1252	Baltimore	Maryland
U Maryland Med Ctr	1252	Baltimore	Maryland
U Maryland Med Ctr	1252	Baltimore	Maryland
U Maryland Med Ctr	1252	Baltimore	Maryland
U Maryland Med Ctr Midtown Campus	1244	Baltimore	Maryland
U Maryland Mercy Med Ctr	1245	Baltimore	Maryland
U Maryland Mercy Med Ctr	1245	Baltimore	Maryland
U Miami MSOM/Holy Cross-FL	1821	Fort Lauderdale	Florida
U Miami MSOM/Holy Cross-FL	1821	Fort Lauderdale	Florida
U Miami/Jackson Health System-FL	1104	Miami	Florida
U Miami/Jackson Health System-FL	1104	Miami	Florida
U Miami/Jackson Health System-FL	1104	Miami	Florida
U Miami/Jackson Health System-FL	1104	Miami	Florida
U Miami/Jackson Health System-FL	1104	Miami	Florida
U Miami/Jackson Health System-FL	1104	Miami	Florida
U Miami/Jackson Health System-FL	1104	Miami	Florida
U Miami/Jackson Health System-FL	1104	Miami	Florida
U Michigan Health-Sparrow	1315	Lansing	Michigan
U Michigan Health-West	2170	Wyoming	Michigan
U Michigan Hosps-Ann Arbor	1293	Ann Arbor	Michigan
U Michigan Hosps-Ann Arbor	1293	Ann Arbor	Michigan
U Michigan Hosps-Ann Arbor	1293	Ann Arbor	Michigan
U Michigan Hosps-Ann Arbor	1293	Ann Arbor	Michigan
U Michigan Hosps-Ann Arbor	1293	Ann Arbor	Michigan
U Michigan Hosps-Ann Arbor	1293	Ann Arbor	Michigan
U Michigan Hosps-Ann Arbor	1293	Ann Arbor	Michigan
U Minnesota Med School	1334	Minneapolis	Minnesota
U Minnesota Med School	1334	Minneapolis	Minnesota
U Minnesota Med School	1334	Minneapolis	Minnesota
U Minnesota Med School	1334	Minneapolis	Minnesota
U Minnesota Med School	1334	Minneapolis	Minnesota
U Nevada Reno SOM	2017	Reno	Nevada
U Nevada Reno SOM	2017	Reno	Nevada
U New Mexico SOM	1962	Albuquerque	New Mexico
U New Mexico SOM	1962	Albuquerque	New Mexico
U North Carolina Hospitals	1900	Chapel Hill	North Carolina
U North Carolina Hospitals	1900	Chapel Hill	North Carolina
U North Carolina Hospitals	1900	Chapel Hill	North Carolina
U North Carolina Hospitals	1900	Chapel Hill	North Carolina
U North Dakota SOM	1539	Fargo	North Dakota
U Oklahoma COM-OK City	1588	Oklahoma City	Oklahoma
U Oklahoma COM-OK City	1588	Oklahoma City	Oklahoma
U Oklahoma COM-OK City	1588	Oklahoma City	Oklahoma
U Oklahoma COM-Tulsa	2727	Tulsa	Oklahoma
U Oklahoma COM-Tulsa	2727	Tulsa	Oklahoma
U Rochester/Strong Memorial-NY	1511	Rochester	New York
U Rochester/Strong Memorial-NY	1511	Rochester	New York
U Rochester/Strong Memorial-NY	1511	Rochester	New York
U Rochester/Strong Memorial-NY	1511	Rochester	New York
U Rochester/Strong Memorial-NY	1511	Rochester	New York
U Rochester/Strong Memorial-NY	1511	Rochester	New York
U South Alabama Hospitals	1852	Mobile	Alabama
U South Alabama Hospitals	1852	Mobile	Alabama
U South Alabama Hospitals	1852	Mobile	Alabama
U South Florida Morsani COM-Tampa	1109	Tampa	Florida
U South Florida Morsani COM-Tampa	1109	Tampa	Florida
U South Florida Morsani COM-Tampa	1109	Tampa	Florida
U South Florida Morsani COM-Tampa	1109	Tampa	Florida
U South Florida Morsani COM-Tampa	1109	Tampa	Florida
U South Florida Morsani COM-Tampa	1109	Tampa	Florida
U Southern California	1033	Los Angeles	California
U Southern California	1033	Los Angeles	California
U Tennessee COM-Chattanooga	1689	Chattanooga	Tennessee
U Tennessee Grad SOM-Knoxville	1839	Knoxville	Tennessee
U Tennessee Health Sci Ctr-Memphis	1844	Memphis	Tennessee
U Tennessee Health Sci Ctr-Memphis	1844	Memphis	Tennessee
U Tennessee Health Sci Ctr-Memphis	1844	Memphis	Tennessee
U Tennessee Health Sci Ctr-Memphis	1844	Memphis	Tennessee
U Tennessee Health Sci Ctr-Memphis	1844	Memphis	Tennessee
U Tennessee Health Sci Ctr-Memphis	1844	Memphis	Tennessee
U Texas HSC-San Antonio	1722	San Antonio	Texas
U Texas HSC-San Antonio	1722	San Antonio	Texas
U Texas HSC-San Antonio	1722	San Antonio	Texas
U Texas HSC-San Antonio	1722	San Antonio	Texas
U Texas HSC-Tyler	3626	Tyler	Texas
U Texas Med Branch-Galveston	1714	Galveston	Texas
U Texas Med Branch-Galveston	1714	Galveston	Texas
U Texas Med Branch-Galveston	1714	Galveston	Texas
U Texas Med Sch-Houston	2923	Houston	Texas
U Texas Med Sch-Houston	2923	Houston	Texas
U Texas Med Sch-Houston	2923	Houston	Texas
U Texas Med Sch-Houston	2923	Houston	Texas
U Texas Rio Grande Valley	1825	Harlingen	Texas
U Texas Rio Grande Valley	1825	Weslaco	Texas
U Texas Southwestern Med Sch-Dallas	2835	Dallas	Texas
U Texas Southwestern Med Sch-Dallas	2835	Dallas	Texas
U Texas Southwestern Med Sch-Dallas	2835	Dallas	Texas
U Texas Southwestern Med Sch-Dallas	2835	Dallas	Texas
U Texas Southwestern Med Sch-Dallas	2835	Dallas	Texas
U Texas Southwestern Med Sch-Dallas	2835	Dallas	Texas
U Texas at Austin Dell Medical School	1793	Austin	Texas
U Texas at Austin Dell Medical School	1793	Austin	Texas
U Texas at Austin Dell Medical School	1793	Austin	Texas
U Washington Affil Hosps	1918	Seattle	Washington
U Washington Affil Hosps	1918	Seattle	Washington
U Washington Affil Hosps	1918	Seattle	Washington
U Washington Boise-ID	1172	Boise	Idaho
U Washington Boise-ID	1172	Boise	Idaho
U Washington Soldotna-AK	2397	Soldotna	Alaska
U Wisconsin Hospital and Clinics	1779	Madison	Wisconsin
U Wisconsin Hospital and Clinics	1779	Madison	Wisconsin
U Wisconsin Hospital and Clinics	1779	Madison	Wisconsin
U Wisconsin Hospital and Clinics	1779	Madison	Wisconsin
U Wisconsin Hospital and Clinics	1779	Madison	Wisconsin
U Wisconsin Hospital and Clinics	1779	Madison	Wisconsin
U Wisconsin Hospital and Clinics	1779	Madison	Wisconsin
U Wisconsin Hospital and Clinics	1779	Madison	Wisconsin
U Wisconsin Hospital and Clinics	1779	Madison	Wisconsin
UAMS Regional Centers-AR	1582	Fayetteville	Arkansas
UC Davis Med Ctr-CA	1046	Sacramento	California
UC Davis Med Ctr-CA	1046	Sacramento	California
UC Davis Med Ctr-CA	1046	Sacramento	California
UC Davis Med Ctr-CA	1046	Sacramento	California
UC Davis Med Ctr-CA	1046	Sacramento	California
UC Irvine Med Ctr-CA	1043	Orange	California
UC Irvine Med Ctr-CA	1043	Orange	California
UC Irvine Med Ctr-CA	1043	Orange	California
UC Irvine Med Ctr-CA	1043	Orange	California
UC Riverside SOM-CA	1522	San Bernardino	California
UC Riverside SOM-CA	1522	San Bernardino	California
UC San Diego Med Ctr-CA	1049	San Diego	California
UC San Diego Med Ctr-CA	1049	San Diego	California
UC San Diego Med Ctr-CA	1049	San Diego	California
UC San Diego Med Ctr-CA	1049	San Diego	California
UC San Diego Med Ctr-CA	1049	San Diego	California
UC San Francisco-CA	1062	San Francisco	California
UC San Francisco-CA	1062	San Francisco	California
UC San Francisco-CA	1062	San Francisco	California
UC San Francisco-Fresno-CA	1022	Fresno	California
UCLA Med Ctr-CA	1956	Los Angeles	California
UCLA Med Ctr-CA	1956	Los Angeles	California
UCLA Med Ctr-CA	1956	Los Angeles	California
UCLA Med Ctr-CA	1956	Los Angeles	California
UCLA Med Ctr-CA	1956	Los Angeles	California
UCLA Med Ctr-CA	1956	Los Angeles	California
UHS-Wilson Med Ctr-NY	1452	Johnson City	New York
UHS-Wilson Med Ctr-NY	1452	Johnson City	New York
UMass Chan - Baystate-MA	1286	Springfield	Massachusetts
UMass Chan - Baystate-MA	1286	Springfield	Massachusetts
UMass Chan - Baystate-MA	1286	Springfield	Massachusetts
UMass Chan Medical School-MA	3050	Worcester	Massachusetts
UMass Chan Medical School-MA	3050	Worcester	Massachusetts
UMass Chan Medical School-MA	3050	Worcester	Massachusetts
UMass Chan Medical School-MA	3050	Worcester	Massachusetts
UMass Chan Medical School-MA	3050	Worcester	Massachusetts
UNC Health Blue Ridge-NC	1914	Morganton	North Carolina
UPMC Harrisburg-PA	1615	Harrisburg	Pennsylvania
UPMC Harrisburg-PA	1615	Harrisburg	Pennsylvania
UPMC Harrisburg-PA	1615	Harrisburg	Pennsylvania
UPMC Lititz-PA	2173	Lititz	Pennsylvania
UPMC McKeesport-PA	1620	Mckeesport	Pennsylvania
UPMC Medical Education-PA	1652	Pittsburgh	Pennsylvania
UPMC Medical Education-PA	1652	Pittsburgh	Pennsylvania
UPMC Medical Education-PA	1652	Pittsburgh	Pennsylvania
UPMC Medical Education-PA	1652	Pittsburgh	Pennsylvania
UPMC Medical Education-PA	1652	Pittsburgh	Pennsylvania
UPMC Medical Education-PA	1652	Pittsburgh	Pennsylvania
UPMC Medical Education-PA	1652	Pittsburgh	Pennsylvania
UPMC Medical Education-PA	1652	Pittsburgh	Pennsylvania
UPMC Mercy Hospital-PA	1649	Pittsburgh	Pennsylvania
UT Ascension St Thomas-TN	1699	Nashville	Tennessee
UT Ascension St Thomas-TN	1699	Nashville	Tennessee
UT Ascension St Thomas-TN	1699	Nashville	Tennessee
Unity Health-AR	2104	Searcy	Arkansas
Univ Central del Caribe SOM-PR	1775	Bayamon	Puerto Rico
Univ Central del Caribe SOM-PR	1775	Bayamon	Puerto Rico
Univ Hosps Community Consortium-OH	2189	Parma	Ohio
Univ Hosps Community Consortium-OH	2189	Chardon	Ohio
Univ Hosps Community Consortium-OH	2189	Westlake	Ohio
Univ of Chicago Med Ctr-IL	1160	Chicago	Illinois
Univ of Chicago Med Ctr-IL	1160	Chicago	Illinois
Univ of Chicago Med Ctr-IL	1160	Chicago	Illinois
Univ of Chicago Med Ctr-IL	1160	Evanston	Illinois
Univ of Chicago Med Ctr-IL	1160	Chicago	Illinois
Univ of Chicago Med Ctr-IL	1160	Chicago	Illinois
Univ of Chicago Med Ctr-IL	1160	Chicago	Illinois
Univ of Chicago Med Ctr-IL	1160	Chicago	Illinois
Univ of Chicago Med Ctr-IL	1160	Chicago	Illinois
Univ of Missouri-KC Programs	1343	Kansas City	Missouri
Univ of Missouri-KC Programs	1343	Kansas City	Missouri
Univ of Missouri-KC Programs	1343	Kansas City	Missouri
Univ of Puerto Rico	1116	San Juan	Puerto Rico
Univ of Puerto Rico	1116	San Juan	Puerto Rico
Univ of Puerto Rico	1116	San Juan	Puerto Rico
Univ of South Dakota SSOM	2805	Sioux Falls	South Dakota
Univ of South Dakota SSOM	2805	Sioux Falls	South Dakota
Univ of Vermont Medical Center	1734	Burlington	Vermont
Univ of Vermont Medical Center	1734	Burlington	Vermont
Univ of Vermont Medical Center	1734	Burlington	Vermont
Univ of Vermont Medical Center	1734	Burlington	Vermont
University Hosps-Columbia-MO	1994	Columbia	Missouri
University Hosps-Columbia-MO	1994	Columbia	Missouri
University Hosps-Columbia-MO	1994	Columbia	Missouri
University Hosps-Jackson-MS	1957	Jackson	Mississippi
University Hosps-Jackson-MS	1957	Jackson	Mississippi
University Hosps-Jackson-MS	1957	Jackson	Mississippi
University Hosps-Jackson-MS	1957	Jackson	Mississippi
University Hosps-Jackson-MS	1957	Jackson	Mississippi
University Hosps-Jackson-MS	1957	Jackson	Mississippi
University Hosps-Jackson-MS	1957	Jackson	Mississippi
University Hosps-Jackson-MS	1957	Jackson	Mississippi
University at Buffalo SOM-NY	3099	Buffalo	New York
University at Buffalo SOM-NY	3099	Buffalo	New York
University at Buffalo SOM-NY	3099	Buffalo	New York
University at Buffalo SOM-NY	3099	Buffalo	New York
University at Buffalo SOM-NY	3099	Buffalo	New York
University at Buffalo SOM-NY	3099	Buffalo	New York
University of Hawaii	3350	Honolulu	Hawaii
University of Hawaii	3350	Honolulu	Hawaii
University of Hawaii	3350	Honolulu	Hawaii
University of Nebraska Med Ctr	1376	Omaha	Nebraska
University of Nebraska Med Ctr	1376	Omaha	Nebraska
University of Nebraska Med Ctr	1376	Omaha	Nebraska
University of Nebraska Med Ctr	1376	Omaha	Nebraska
University of Nebraska Med Ctr	1376	Omaha	Nebraska
University of Toledo-OH	1579	Toledo	Ohio
University of Toledo-OH	1579	Toledo	Ohio
University of Toledo-OH	1579	Toledo	Ohio
University of Utah Health	1732	Salt Lake City	Utah
University of Utah Health	1732	Salt Lake City	Utah
University of Utah Health	1732	Salt Lake City	Utah
University of Utah Health	1732	Salt Lake City	Utah
University of Utah Health	1732	Salt Lake City	Utah
University of Utah Health	1732	Salt Lake City	Utah
University of Utah Health	1732	Salt Lake City	Utah
University of Virginia	1737	Charlottesville	Virginia
University of Virginia	1737	Charlottesville	Virginia
University of Virginia	1737	Charlottesville	Virginia
University of Virginia	1737	Charlottesville	Virginia
Valley Health System-NV	2201	Las Vegas	Nevada
Valley Hosp Med Ctr-NV	2223	Las Vegas	Nevada
Vanderbilt Univ Med Ctr-TN	1702	Nashville	Tennessee
Vanderbilt Univ Med Ctr-TN	1702	Nashville	Tennessee
Vanderbilt Univ Med Ctr-TN	1702	Nashville	Tennessee
Vanderbilt Univ Med Ctr-TN	1702	Nashville	Tennessee
Virginia Commonwealth U Hlth Sys	1743	Richmond	Virginia
Virginia Commonwealth U Hlth Sys	1743	Richmond	Virginia
Virginia Commonwealth U Hlth Sys	1743	Richmond	Virginia
Virginia Commonwealth U Hlth Sys	1743	Richmond	Virginia
Virginia Commonwealth U Hlth Sys	1743	Richmond	Virginia
Virginia Commonwealth U Hlth Sys	1743	Richmond	Virginia
Virginia Commonwealth U Hlth Sys	1743	Richmond	Virginia
Virginia Commonwealth U Hlth Sys	1743	Richmond	Virginia
Virginia Mason Franciscan Health-WA	1756	Seattle	Washington
Virginia Mason Franciscan Health-WA	1756	Tacoma	Washington
Virginia Mason Franciscan Health-WA	1756	Seattle	Washington
Virginia Mason Franciscan Health-WA	1756	Seattle	Washington
Virtua Health-NJ	3084	Camden	New Jersey
Wake Forest Baptist Med Ctr-NC	1537	Winston-salem	North Carolina
Wake Forest Baptist Med Ctr-NC	1537	Winston-salem	North Carolina
Wake Forest Baptist Med Ctr-NC	1537	Winston-salem	North Carolina
WakeMed Health and Hospitals-NC	2275	Raleigh	North Carolina
Wayne State University SOM-MI	1361	Rochester	Michigan
WellStar Health System-GA	1814	Marietta	Georgia
WellStar Health System-GA	1814	Austell	Georgia
WellStar Health System-GA	1814	Griffin	Georgia
WellStar Health System-GA	1814	Marietta	Georgia
Wellington Reg Med Ctr-FL	2218	Wellington	Florida
Wellmont Health System-VA	2216	Norton	Virginia
Wellspan Health York Hosp-PA	1674	York	Pennsylvania
West Virginia University SOM	1837	Parkersburg	West Virginia
West Virginia University SOM	1837	Morgantown	West Virginia
West Virginia University SOM	1837	Morgantown	West Virginia
West Virginia University SOM	1837	Morgantown	West Virginia
Westchester Medical Ctr-NY	2157	Valhalla	New York
Westchester Medical Ctr-NY	2157	Valhalla	New York
Western Michigan Univ Stryker SOM	1314	Kalamazoo	Michigan
Western Michigan Univ Stryker SOM	1314	Kalamazoo	Michigan
Western Michigan Univ Stryker SOM	1314	Kalamazoo	Michigan
Western Reserve Health Ed/NEOMED-OH	1585	Warren	Ohio
Western Reserve Health Ed/NEOMED-OH	1585	Warren	Ohio
Western Reserve Hosp-OH	2179	Cuyahoga Falls	Ohio
White River Health System-AR	1991	Batesville	Arkansas
William Beaumont Army Med Ctr-TX	1717	Fort Bliss	Texas
Willis-Knighton Health System-LA	2313	Shreveport	Louisiana
Woodhull Med Ctr-NY	3116	Brooklyn	New York
Wright Center for GME-PA	3056	Scranton	Pennsylvania
Wright State Univ Boonshoft SOM-OH	2011	Dayton	Ohio
Wyckoff Heights Med Ctr-NY	1435	Brooklyn	New York
Yale-New Haven Hosp-CT	1089	New Haven	Connecticut
Yale-New Haven Hosp-CT	1089	New Haven	Connecticut
Yale-New Haven Hosp-CT	1089	Waterbury	Connecticut
Yale-New Haven Hosp-CT	1089	New Haven	Connecticut
Yale-New Haven Hosp-CT	1089	New Haven	Connecticut
Yale-New Haven Hosp-CT	1089	Waterbury	Connecticut
Yale-New Haven Hosp-CT	1089	New Haven	Connecticut
Yale-New Haven Hosp-CT	1089	New Haven	Connecticut
Yale-New Haven Hosp-CT	1089	New Haven	Connecticut
Yale-New Haven Hosp-CT	1089	New Haven	Connecticut
Zucker SOM Northern Westchester Med Ctr-NY	2380	Mount Kisko	New York
Zucker SOM Northern Westchester Med Ctr-NY	2380	Mount Kisko	New York
Zucker SOM-Northwell Forest Hills Hosp-NY	2062	Forest Hills	New York
Zucker SOM-Northwell Forest Hills Hosp-NY	2062	Forest Hills	New York
Zucker SOM-Northwell Lenox Hill Hosp-NY	1483	New York	New York
Zucker SOM-Northwell Lenox Hill Hosp-NY	1483	New York	New York
Zucker SOM-Northwell Lenox Hill Hosp-NY	1483	New York	New York
Zucker SOM-Northwell Lenox Hill Hosp-NY	1483	New York	New York
Zucker SOM-Northwell Mather Hosp-NY	2187	Port Jefferson	New York
Zucker SOM-Northwell NS/LIJ-NY	1700	Great Neck	New York
Zucker SOM-Northwell NS/LIJ-NY	1700	Great Neck	New York
Zucker SOM-Northwell South Shore-NY	1417	Bay Shore	New York
Zucker SOM-Northwell Staten Island Univ-NY	1515	Staten Island	New York
Zucker SOM-Northwell Staten Island Univ-NY	1515	Staten Island	New York
Zucker SOM-Northwell Staten Island Univ-NY	1515	Staten Island	New York
Zucker SOM-Northwell Staten Island Univ-NY	1515	Staten Island	New York
Zucker SOM-Northwell Staten Island Univ-NY	1515	Staten Island	New York
Zucker SOM-Northwell Staten Island Univ-NY	1515	Staten Island	New York
Baylor Coll Med-Houston-TX	1716	Houston	Texas
Case Western/Univ Hosps Cleveland Med Ctr-OH	1552	Cleveland	Ohio
Christiana Care-DE	1099	Newark	Delaware
ECU Health Med Ctr-NC	3057	Greenville	North Carolina
Griffin Hospital-CT	1977	Derby	Connecticut
Hennepin Co Med Ctr-MN	1329	Minneapolis	Minnesota
Henry Ford Hospital-MI	1300	Detroit	Michigan
ISMMS Mount Sinai Hospital-NY	1490	New York	New York
Jefferson Health-Northeast-PA	2103	Philadelphia	Pennsylvania
Johns Hopkins Hosp-MD	1242	Baltimore	Maryland
Kaiser Permanente-SF-CA	1959	San Francisco	California
LSU SOM-New Orleans-LA	1224	New Orleans	Louisiana
Ohio State University Med Ctr	1566	Columbus	Ohio
SUNY HSC Brooklyn-NY	1426	Brooklyn	New York
U Alabama Med Ctr-Birmingham	1007	Birmingham	Alabama
U Illinois COM-Chicago	1150	Chicago	Illinois
U Maryland Med Ctr	1252	Baltimore	Maryland
U Texas Med Branch-Galveston	1714	Galveston	Texas
UCLA Med Ctr-CA	1956	Los Angeles	California
University at Buffalo SOM-NY	3099	Buffalo	New York
Virginia Commonwealth U Hlth Sys	1743	Richmond	Virginia
Zucker SOM-Northwell NS/LIJ-NY	1700	Manhasset	New York